{
  "basic": {
    "bbox_min": [
      -52.79663,
      -52.797875,
      -63.356708
    ],
    "bbox_max": [
      52.799429,
      52.797875,
      63.357447
    ],
    "bbox_size": [
      105.596059,
      105.59575,
      126.714155
    ],
    "bbox_volume": 1412925.5577312023,
    "centroid": [
      2.9289593146657813e-06,
      -1.2499052468676743e-16,
      1.4227906182111187e-06
    ],
    "center_of_mass": [
      2.9289593146657813e-06,
      -1.2499052468676743e-16,
      1.4227906182111187e-06
    ],
    "radius_min": 1.0003980964945904,
    "radius_max": 63.358903228675466,
    "radius_mean": 38.33675996981044,
    "radius_std": 14.74124656198135,
    "total_edge_length": 24470905.31632216,
    "mean_edge_length": 29.282311142449117,
    "edge_length_std": 25.548155492443716,
    "aspect_ratio_xy": 1.0000029262541343,
    "aspect_ratio_xz": 0.8333406713717184,
    "aspect_ratio_yz": 0.8333382328122694
  },
  "topology": {
    "degree_min": 4,
    "degree_max": 18,
    "degree_mean": 10.19804505405999,
    "degree_std": 1.474582802170379,
    "degree_median": 10.0,
    "degree_distribution": {
      "8": 7481,
      "9": 58191,
      "10": 43031,
      "11": 26637,
      "12": 14566,
      "13": 7993,
      "14": 3959,
      "15": 1649,
      "16": 272,
      "17": 39,
      "18": 12,
      "7": 34,
      "6": 24,
      "5": 3,
      "4": 1
    },
    "connected_components": 1,
    "largest_component_size": 163892,
    "component_sizes": {
      "0": 163892
    },
    "graph_density": 6.222455811521067e-05,
    "clustering_coefficient": 0.3645501748251748
  },
  "statistical": {
    "x_mean": 2.928959314669708e-06,
    "x_std": 22.145210004587856,
    "x_skewness": -3.9685304004189724e-07,
    "x_kurtosis": -0.5226377441657162,
    "y_mean": -7.935576010636806e-16,
    "y_std": 22.145209847678963,
    "y_skewness": 1.465078875233539e-17,
    "y_kurtosis": -0.5226376940558675,
    "z_mean": 1.422790618218572e-06,
    "z_std": 26.5742520090207,
    "z_skewness": -1.6054653032094825e-07,
    "z_kurtosis": -0.5226377455521658,
    "correlation_matrix": [
      [
        1.0,
        1.5275417159134219e-07,
        4.393841311146659e-11
      ],
      [
        1.5275417159134219e-07,
        0.9999999999999999,
        -1.35784249876576e-07
      ],
      [
        4.393841311146659e-11,
        -1.35784249876576e-07,
        1.0
      ]
    ],
    "covariance_eigenvalues": [
      706.195178744706,
      490.4133899613562,
      490.41323997490446
    ],
    "covariance_eigenvectors": [
      [
        1.1970347197470153e-10,
        -0.7233032126843196,
        -0.6905305659567449
      ],
      [
        -3.7032066661795133e-07,
        -0.6905305659566972,
        0.7233032126842697
      ],
      [
        0.9999999999999314,
        -2.55631157598874e-07,
        2.6793678679394123e-07
      ]
    ],
    "anisotropy": 1.4400002307866802
  },
  "radial": {
    "radial_histogram": [
      148,
      200,
      256,
      281,
      364,
      364,
      409,
      470,
      552,
      588,
      595,
      498,
      837,
      639,
      790,
      792,
      818,
      825,
      982,
      479,
      1485,
      751,
      1138,
      1224,
      717,
      1406,
      1332,
      852,
      1002,
      1919,
      1173,
      659,
      1915,
      1705,
      1263,
      687,
      1978,
      2033,
      1473,
      998,
      684,
      3081,
      1948,
      1553,
      1049,
      754,
      3228,
      2328,
      1837,
      1506,
      881,
      810,
      4219,
      2470,
      1998,
      1760,
      1027,
      906,
      3471,
      3405,
      2467,
      2115,
      1869,
      1088,
      995,
      2620,
      4700,
      2968,
      2498,
      2189,
      1823,
      1172,
      1098,
      1461,
      6633,
      3458,
      2838,
      2549,
      2328,
      1692,
      1253,
      1190,
      1117,
      7883,
      4042,
      3300,
      2889,
      2672,
      2487,
      1561,
      1367,
      1297,
      1240,
      1180,
      1143,
      1095,
      1069,
      1039,
      1012,
      983
    ],
    "radial_bin_edges": [
      1.0003980964945904,
      1.623983147816399,
      2.247568199138208,
      2.871153250460017,
      3.494738301781825,
      4.1183233531036345,
      4.741908404425443,
      5.365493455747252,
      5.989078507069061,
      6.612663558390869,
      7.236248609712678,
      7.859833661034487,
      8.483418712356295,
      9.107003763678104,
      9.730588814999914,
      10.354173866321721,
      10.97775891764353,
      11.60134396896534,
      12.224929020287147,
      12.848514071608957,
      13.472099122930766,
      14.095684174252574,
      14.719269225574383,
      15.342854276896192,
      15.966439328218,
      16.59002437953981,
      17.213609430861617,
      17.837194482183424,
      18.460779533505235,
      19.084364584827043,
      19.70794963614885,
      20.33153468747066,
      20.95511973879247,
      21.578704790114276,
      22.202289841436087,
      22.825874892757895,
      23.449459944079702,
      24.073044995401514,
      24.69663004672332,
      25.32021509804513,
      25.94380014936694,
      26.567385200688747,
      27.190970252010555,
      27.814555303332366,
      28.438140354654173,
      29.06172540597598,
      29.685310457297792,
      30.3088955086196,
      30.932480559941407,
      31.556065611263218,
      32.179650662585026,
      32.80323571390684,
      33.42682076522865,
      34.05040581655046,
      34.67399086787226,
      35.297575919194074,
      35.921160970515885,
      36.54474602183769,
      37.1683310731595,
      37.79191612448131,
      38.415501175803115,
      39.039086227124926,
      39.66267127844674,
      40.28625632976854,
      40.90984138109035,
      41.53342643241216,
      42.15701148373397,
      42.78059653505578,
      43.40418158637759,
      44.02776663769939,
      44.651351689021205,
      45.274936740343016,
      45.89852179166482,
      46.52210684298663,
      47.14569189430844,
      47.769276945630246,
      48.39286199695206,
      49.01644704827387,
      49.64003209959567,
      50.26361715091748,
      50.887202202239294,
      51.5107872535611,
      52.13437230488291,
      52.75795735620472,
      53.381542407526524,
      54.005127458848335,
      54.628712510170146,
      55.25229756149195,
      55.87588261281376,
      56.49946766413557,
      57.123052715457376,
      57.74663776677919,
      58.370222818101,
      58.9938078694228,
      59.617392920744614,
      60.240977972066425,
      60.86456302338823,
      61.48814807471004,
      62.11173312603185,
      62.73531817735366,
      63.358903228675466
    ],
    "detected_shells": 5,
    "shell_radii": [
      34.05040581655046,
      37.79191612448131,
      42.78059653505578,
      47.769276945630246,
      53.381542407526524
    ],
    "shell_spacing_mean": 4.832784147744016,
    "shell_spacing_std": 0.679536055353597,
    "exponential_growth_rate": 1.120027641125769,
    "exponential_fit_r2": 0.9994656204682559,